{
"2018-01-01":"Tahun Baru Masehi",
"2018-02-16":"Tahun Baru Imlek",
"2018-03-17":"Hari Raya Nyepi",
"2018-03-30":"Wafat Isa Al Masih",
"2018-04-14":"Isra Miraj",
"2018-05-01":"Hari Buruh",
"2018-05-29":"Hari Raya Waisak",
"2018-05-10":"Kenaikan Isa Almasih",
"2018-06-01":"Hari Kesaktian Pancasila",
"2018-06-13":"Cuti Bersama",
"2018-06-14":"Cuti Bersama",
"2018-06-15":"Idul Fitri",
"2018-06-16":"Idul Fitri",
"2018-06-18":"Cuti Bersama",
"2018-06-19":"Cuti Bersama",
"2018-08-17":"Hari Kemerdekaan",
"2018-08-22":"Idul Adha",
"2018-09-11":"Tahun Baru Hijriyah",
"2018-11-20":"Maulid Nabi",
"2018-12-24":"Cuti Bersama",
"2018-12-25":"Hari Natal"
}